Model,Accuracy,Precision,Recall,F1-Score,ROC-AUC
decision_tree,0.782608695652174,0.7818181818181819,0.8431372549019608,0.8113207547169812,0.7752271640363463
random_forest,0.875,0.883495145631068,0.8921568627450981,0.8878048780487805,0.9313725490196078
svc,0.9021739130434783,0.8818181818181818,0.9509803921568627,0.9150943396226415,0.944285031085605
logistic_reg,0.8858695652173914,0.8715596330275229,0.9313725490196079,0.9004739336492891,0.9296987087517934
